0,1,2
1.067510260554398,-0.9337482627293736,0.1337619978250244
1.9621038004207871,-1.559124612472754,0.4029791879480331
0.47096521576071915,-1.375926940737949,-0.9049617249772299
1.0828859767215184,-1.484203685077983,-0.4013177083564645
1.43457007418932,-1.5942833150425453,-0.15971324085322536
2.5343597762359495,-1.50595705256326,1.0284027236726896
2.8570982769070543,-1.0326205064068037,1.8244777705002506
2.7568152751902004,-0.5462547653618177,2.2105605098283827
2.9946372952695732,-1.229643710822804,1.7649935844467692
1.6724213398591747,-0.8825483959162126,0.7898729439429621
1.3006069460340919,-0.585940274195081,0.7146666718390109
2.616805028962342,-0.6179468100756096,1.9988582188867325
0.3414395536311218,-0.5248704273497966,-0.18343087371867484
1.9783005555123077,-1.9248889713418231,0.05341158417048453
1.7679916524118449,-0.8689532295670774,0.8990384228447674
0.3537106650008035,-1.5355825021583338,-1.1818718371575303
2.342660561638602,-0.23350529443133827,2.1091552672072638
2.800965016252386,-1.6219339077511838,1.179031108501202
1.0686963855216738,-1.996931203188967,-0.9282348176672932
1.1921272470417943,-1.9329277661584954,-0.7408005191167011
0.6693864703866822,-1.918924808938894,-1.2495383385522119
1.6723757731560633,-1.098785292837674,0.5735904803183893
0.1631854894304604,-1.7505225986114028,-1.5873371091809423
2.76781829916805,-0.6241410179485289,2.143677281219521
2.197103112367019,-1.5315373129050938,0.6655657994619253
0.3402500943143878,-0.9274197852231192,-0.5871696909087314
2.614631423932738,-0.5692128109793744,2.0454186129533634
1.6445598610695709,-1.0202890709325843,0.6242707901369866
0.31556900161031076,-0.25038071561243025,0.06518828599788051
0.7807550090589243,-0.3158620367139613,0.46489297234496296
2.425186214537158,-0.050773776952542704,2.374412437584615
1.7195838804432095,-1.3964976795064592,0.32308620093675033
2.8428545924905917,-0.45219137557503974,2.390663216915552
2.5931610977834105,-1.9408754046257417,0.6522856931576688
1.7717779186428266,-0.5716486455124445,1.200129273130382
1.8385181663442585,-0.6603099643247343,1.1782082020195241
1.8965325914734177,-0.33416962175459597,1.5623629697188217
0.5234839712265708,-0.7738765200173177,-0.2503925487907469
2.4881363604952056,-0.16746461401074408,2.3206717464844617
1.3634869101972784,-1.8243988168735037,-0.4609119066762253
2.33505340708735,-0.47776931849625814,1.8572840885910917
0.6806906196417115,-1.3873356957058318,-0.7066450760641203
0.4197193576097329,-1.0291978522698677,-0.6094784946601348
0.46090613638343825,-0.150644178036619,0.31026195834681924
1.1956015214762723,-1.0996927030605665,0.09590881841570575
2.4770456832082433,-0.034514619537042934,2.4425310636712005
2.6118005239396234,-1.5939650698308248,1.0178354541087986
1.7993997855869788,-1.8396467576163025,-0.0402469720293237
0.29436175037403267,-0.07650594077231276,0.2178558096017199
1.6309194457864584,-0.7410253367434303,0.8898941090430281
2.494963004797179,-1.3595629299477956,1.1354000748493833
0.6269774599461828,-1.1344233072101613,-0.5074458472639785
1.4289863693316809,-1.7739925882554393,-0.3450062189237584
2.033246034694256,-1.8870763597628684,0.14616967493138766
0.3092758091773885,-1.3029035200263408,-0.9936277108489523
2.361557684555724,-1.4893467636835338,0.8722109208721902
1.929904862410011,-0.7998453677432702,1.1300594946667408
1.0869958243487319,-0.24260582901685734,0.8443899953318745
2.385626264642338,-0.7947925263649236,1.5908337382774145
1.8642296291183127,-0.6890876603796001,1.1751419687387126
1.3513461411951107,-1.1362543223580182,0.2150918188370925
1.1316873004059855,-1.4770668215908467,-0.34537952118486115
0.12248041631198192,-0.7329086979692883,-0.6104282816573063
2.0221508598676627,-1.7080941214532315,0.31405673841443127
1.3423049229064346,-1.788963704274843,-0.4466587813684084
2.9833807267775923,-0.2854150335873016,2.697965693190291
1.9589548740564875,-0.5005077647517944,1.4584471093046931
0.718449736255327,-1.5598270797138531,-0.8413773434585261
2.6450710975242817,-0.1692706456242612,2.4758004519000205
2.0896746534789585,-0.572560810517996,1.5171138429609625
0.42518993031571206,-1.4802544393687913,-1.0550645090530792
0.8557429166023546,-0.46509211380452165,0.39065080279783293
2.7200574982438286,-0.49987201365420897,2.22018548458962
0.8752505005447555,-0.40146126775503244,0.47378923278972307
1.9704659770777608,-0.06712009742386926,1.9033458796538916
2.7179655823369746,-1.6348553764058111,1.0831102059311635
0.33251531928334455,-1.5776361842515745,-1.24512086496823
2.0147155111909694,-0.7995168102428514,1.215198700948118
1.9667347782319577,-0.18274113845001172,1.783993639781946
0.8341156892664621,-1.4317056260584518,-0.5975899367919897
0.8039833776426721,-1.471431408415748,-0.6674480307730759
0.40417419385428976,-0.5723610649716211,-0.16818687111733133
1.770634027449164,-0.8982600208845668,0.8723740065645973
2.9415612653430827,-0.04945433552324663,2.8921069298198363
1.4396088528039876,-1.184650463566138,0.25495838923784975
0.24327779841723296,-1.6077445835662323,-1.3644667851489993
2.4447929494418577,-0.9780615671695534,1.4667313822723043
0.5056171434868127,-0.99388727096297,-0.4882701274761573
1.2174892836762412,-1.3864014303075223,-0.16891214663128107
0.16557342341422465,-1.4481588597968476,-1.282585436382623
2.6331117542156424,-0.7873116287642612,1.8458001254513812
2.482560873105349,-1.4705659055824878,1.011994967522861
0.047643399427449884,-1.548377897247825,-1.5007344978203752
2.998457328937719,-1.8173098507739567,1.1811474781637623
1.8276285216572998,-1.3850701452590664,0.4425583763982335
1.108869968165831,-1.5831817197964577,-0.4743117516306268
2.33591014959433,-0.13566294274057067,2.200247206853759
0.059876005941991606,-0.2905889834911022,-0.23071297754911058
2.282931213356467,-1.6030384803143158,0.6798927330421514
0.761663755638109,-0.3369771805228865,0.42468657511522245
2.6242383827967086,-1.809578308342367,0.8146600744543415
0.24161901589068746,-1.9015176163779017,-1.6598986004872143
2.6304807072881236,-1.1815256475551046,1.448955059733019
2.4422608254783,-0.09839411380035368,2.343866711677946
2.8204046914938674,-0.9704839369334719,1.8499207545603955
2.2484190112306988,-1.9822174605647112,0.2662015506659876
1.4281573321856977,-0.7940779268536156,0.6340794053320822
0.802888623231819,-1.6829232192880863,-0.8800345960562673
1.0878162572303403,-1.6152103066169514,-0.5273940493866112
1.950890707205605,-1.4152452841753875,0.5356454230302174
0.6797913097220205,-0.029751426698474637,0.6500398830235459
1.741507126180411,-0.005886688678709673,1.7356204375017013
0.8897978125137994,-1.7073592085196816,-0.8175613960058822
1.9010688160994191,-0.13682040388548722,1.764248412213932
2.9930518538060085,-1.4658736890998396,1.5271781647061689
0.9539103887404444,-1.4415973100798984,-0.487686921339454
1.6363057545267434,-1.45239824904379,0.18390750548295354
2.378465411028573,-1.3088683807055546,1.0695970303230182
2.208543383111958,-0.3607175480436269,1.847825835068331
0.9928548284861851,-0.31948677079270915,0.673368057693476
2.4445577190723773,-1.569803506366578,0.8747542127057992
1.192556600087816,-1.5703789069420067,-0.3778223068541906
2.9138197453462746,-1.1201560857233417,1.793663659622933
1.7518634646289186,-1.139841662938311,0.6120218016906076
2.8913652462060995,-0.2515578984687894,2.6398073477373103
0.5130356105729359,-0.22433022429024496,0.28870538628269093
2.043663372997618,-0.09235602666955711,1.951307346328061
1.587844497581652,-1.7093357880088658,-0.12149129042721385
0.2683578688813999,-1.906007868981609,-1.637650000100209
1.6462868012927354,-1.1053658153572097,0.5409209859355257
1.8350481414661872,-0.9589062859279645,0.8761418555382228
2.2779018143748173,-1.6989131704971043,0.578988643877713
0.955203300262444,-0.06714043559201421,0.8880628646704298
0.8632481904096813,-1.7896891700293447,-0.9264409796196634
1.861916232034879,-1.389493375641956,0.4724228563929229
2.2271957398265854,-1.5754851801912662,0.6517105596353192
2.143711799636819,-0.12520247742383872,2.0185093222129806
1.7334005435540274,-0.5371636017058996,1.1962369418481278
0.7526287834775978,-0.8271792976312782,-0.07455051415368041
2.1421337077696236,-0.7726887282003689,1.3694449795692547
0.6370555743184406,-0.825247194841743,-0.1881916205233024
0.8811287132372947,-1.808641883024915,-0.9275131697876202
1.5287863211090336,-0.05288120577048261,1.475905115338551
0.22499046627354757,-1.3182123987802519,-1.0932219325067043
2.351829438710152,-0.7895569257247619,1.5622725129853903
2.7081213364956533,-0.5475413828022941,2.160579953693359
0.5151188164086674,-0.31076702154829294,0.20435179486037447
2.994367257041706,-0.3889445397818012,2.6054227172599047
0.8345838461278497,-1.7593591076362576,-0.9247752615084078
0.22603713097136235,-0.12236598667666576,0.1036711442946966
2.22176871811375,-0.14387783673539967,2.0778908813783508
2.3220420018649013,-1.1387148695648168,1.1833271323000845
2.1923823841781203,-1.1572613654730155,1.0351210187051048
0.4904273255024004,-0.5406542196485045,-0.05022689414610404
2.936108818631939,-0.5284844654832119,2.4076243531487274
1.172670965327166,-1.1042073794765266,0.0684635858506395
2.831541138850466,-1.9504862327994674,0.8810549060509985
2.6439350098189767,-1.8685276880600756,0.775407321758901
1.9147889257718345,-1.3217937808918725,0.592995144879962
2.1818699289420276,-0.38845524880298377,1.7934146801390438
2.2237982274980017,-1.8925349026939267,0.33126332480407505
0.15862363490958964,-0.19418556316262414,-0.0355619282530345
2.1558865909349865,-0.23488879424110798,1.9209977966938785
2.3059901015146216,-0.5352522108857283,1.7707378906288933
2.073713287986429,-1.1723270477304846,0.9013862402559445
2.0859357898049833,-0.9102548260951693,1.175680963709814
0.9643964640128729,-0.8435877959268876,0.12080866808598534
1.1474767623195317,-0.2624717582421563,0.8850050040773754
2.152249766942578,-0.4214685649012475,1.7307812020413307
0.5769866165231963,-0.9302852918435596,-0.3532986753203633
2.4722158789214217,-1.0059548193171306,1.466261059604291
1.014339944883865,-0.09295949110498403,0.921380453778881
0.738806180910895,-1.9578536463450817,-1.2190474654341867
0.5078580837848339,-1.4052638244140168,-0.8974057406291829
1.2066553106693534,-1.4467237060670175,-0.2400683953976641
2.653324784574005,-1.3488178020338724,1.3045069825401325
1.0298241538844266,-0.762452552703774,0.2673716011806526
1.1032708310406592,-0.47486762581155006,0.6284032052291091
1.0550579177645023,-1.3294275512550122,-0.2743696334905099
0.17458190060775014,-1.8526434506541904,-1.6780615500464404
0.4479153826884693,-1.9083597480126413,-1.460444365324172
2.9474567421831184,-1.2088206949036968,1.7386360472794216
2.3908568117431503,-0.8344382575592921,1.5564185541838582
0.30150920027055716,-1.2084430901974048,-0.9069338899268476
1.7723986353030248,-1.1656468792948562,0.6067517560081686
2.9956638494776597,-0.11906480168158029,2.8765990477960797
1.989637853410466,-0.16629152861011232,1.8233463248003536
1.8756458549797124,-0.2534284015408592,1.6222174534388532
0.8818924547476023,-0.3798793968660068,0.5020130578815954
1.2633372175708446,-0.04523259412893976,1.2181046234419048
2.4403835515722325,-1.7242765918851708,0.7161069596870617
1.5904806603772523,-0.5236176597151558,1.0668630006620965
0.6527631080932675,-0.12153507588326251,0.531228032210005
0.5369760837888863,-0.23978968501755227,0.297186398771334
1.3742580815784238,-1.2922791638277233,0.08197891775070043
2.715129393394125,-0.042006754613619135,2.673122638780506
0.7922526974588906,-1.051291840502902,-0.2590391430440113
1.9247629613914419,-1.1600878606143656,0.7646751007770762
0.03696097650176711,-1.1250055177416067,-1.0880445412398396
0.15667720748679426,-0.6164125533720439,-0.45973534588524967
2.2230790731584937,-0.06560047845419659,2.157478594704297
0.5920090504807639,-0.13712989446115809,0.4548791560196058
1.4724356287916633,-1.892615549504272,-0.4201799207126087
2.694559151212854,-1.1917621991297243,1.50279695208313
0.7528733385704013,-0.6306444101252533,0.12222892844514799
1.471781305573465,-1.4510642373069118,0.020717068266553174
1.6507835497734606,-1.0589262429094608,0.5918573068639998
2.07899836790528,-1.766996659945996,0.31200170795928384
1.7056309565213017,-0.8340611595486953,0.8715697969726064
2.8488482788418,-1.527592639415536,1.3212556394262642
1.869469068485459,-0.7154355208351093,1.1540335476503496
0.055013959634931275,-0.20546523872191602,-0.15045127908698475
1.4428859596869015,-1.5439675874104133,-0.10108162772351181
2.970742571987027,-1.3401174975261414,1.6306250744608857
1.7208482558164357,-1.4568544328951016,0.2639938229213341
1.0562439235141636,-1.632228548716502,-0.5759846252023384
0.9093374826626971,-0.3264561172828233,0.5828813653798738
1.391808221331614,-1.132226359446924,0.2595818618846901
1.8017932442918867,-1.9646870545811665,-0.16289381028927985
0.4157305446233308,-1.2145769188573348,-0.798846374234004
1.425717178779351,-1.6992722532077564,-0.27355507442840543
1.1885524489103374,-0.5741353225339652,0.6144171263763722
2.0312801537992256,-1.9106116957392218,0.1206684580600037
0.8561922468219637,-1.4980755795278713,-0.6418833327059076
2.367662330787493,-0.5791465707720311,1.788515760015462
1.0831795068265058,-1.160795926109687,-0.07761641928318119
2.9477885976772455,-1.518256777193537,1.4295318204837086
0.7350273237356514,-0.13526769404387573,0.5997596296917757
2.519924969306923,-1.593647655174628,0.9262773141322949
2.0456694890936085,-1.7987748976162397,0.2468945914773688
2.9990684972595547,-1.554110618021278,1.4449578792382767
0.32002333728357035,-0.05031621623493021,0.26970712104864014
1.2603322926375018,-1.360078291757293,-0.0997459991197911
2.1907478361071586,-1.291444402266611,0.8993034338405477
2.2422067216304473,-1.60446447483713,0.6377422467933174
0.9661094014503531,-1.563016176291137,-0.5969067748407839
1.5980456861532157,-1.5809321983010616,0.017113487852154163
0.7730087082386803,-0.13913505349581445,0.6338736547428658
0.14011564649053743,-0.9790379605521513,-0.8389223140616139
1.7888088596389053,-0.39577829458763025,1.393030565051275
0.5415128176197889,-1.3797201702870554,-0.8382073526672665
2.3102035830015555,-1.8990885699681688,0.4111150130333867
2.6922742849985957,-0.23669402989891353,2.455580255099682
2.839557997522965,-0.9235954394485637,1.915962558074401
2.4198607020649217,-0.5329456700513611,1.8869150320135606
1.3767561949008356,-1.9003018447798286,-0.523545649878993
2.2036213854851674,-1.878602858406238,0.3250185270789294
0.6054817798367944,-0.10722168716323144,0.49826009267356297
0.3466327846220226,-0.5972190233451509,-0.25058623872312824
0.10571655083131781,-1.2893161600450451,-1.1835996092137273
0.8934141835542596,-0.7986446192204533,0.09476956433380634
1.535230440312156,-1.672307133775982,-0.13707669346382612
0.27972398940994403,-0.19042356502378066,0.08930042438616337
1.1463823407468525,-0.09202366852115618,1.0543586722256963
2.224087598423239,-0.3232307180674663,1.9008568803557726
0.5112752762676303,-1.878207881914097,-1.3669326056464668
1.163990794570413,-0.2922384897834218,0.8717523047869913
1.059592006422592,-1.128033590096484,-0.06844158367389186
2.5582087238771614,-1.521901720010379,1.0363070038667823
0.5435492896614714,-0.36583044207130744,0.177718847590164
1.264128261088173,-0.8754729315448411,0.38865532954333193
1.2271224106481953,-0.14547690133015756,1.0816455093180377
0.4897774154679815,-1.933604520563633,-1.4438271050956515
0.28905486132907243,-1.4506359279785146,-1.1615810666494422
1.6876070727069106,-1.5101953245892858,0.17741174811762472
1.441616310014183,-1.972299110733522,-0.5306828007193389
2.9878765155049907,-0.9189267067726345,2.068949808732356
2.9522684521445486,-0.7054453953405933,2.2468230568039553
0.6237235058387094,-0.03548605328126819,0.5882374525574412
1.796007519604112,-1.8157946162551746,-0.019787096651062486
2.5686779728447426,-0.9552815106813111,1.6133964621634316
0.08115091708224587,-1.9866573642180425,-1.9055064471357968
0.5370752137433746,-0.3410045669123978,0.19607064683097686
0.12236410138234599,-1.4727081093762462,-1.3503440079939002
1.321952571932499,-1.5200346875312627,-0.19808211559876376
2.070025954264932,-1.6574262848865067,0.4125996693784255
1.7843558612584687,-1.1431311594745845,0.6412247017838841
2.921616139180758,-0.22979762377935353,2.6918185154014043
0.8189401683635101,-0.8277168646636739,-0.008776696300163755
2.7047403109102643,-1.1396356266865202,1.5651046842237442
0.2717653166384356,-0.6968783020133644,-0.4251129853749288
2.805361981404208,-1.0947874491152967,1.7105745322889114
0.9472737956746443,-0.8303850825959147,0.11688871307872961
2.310884518485863,-0.06201267153139689,2.248871846954466
2.1941671444190334,-1.0215478444209134,1.17261929999812
2.951551822173098,-1.9834975635887515,0.9680542585843463
2.877085734040901,-0.2357545022001193,2.641331231840782
1.5058386462367923,-1.5344427750681908,-0.028604128831398512
2.502577697405951,-0.46079853798683446,2.041779159419116
2.2136632521419557,-1.9458765797778712,0.2677866723640845
0.9381828410025553,-0.4822274249868559,0.45595541601569944
2.9137245647122807,-1.78263467633303,1.1310898883792506
0.20128780697387405,-1.8121778289771082,-1.6108900220032343
2.2919754254299063,-0.21640962887971726,2.075565796550189
1.7170994174337109,-1.3617362247802978,0.3553631926534131
2.1657580688832527,-0.49774390296384685,1.6680141659194059
1.2713762781332383,-0.37314439437305325,0.898231883760185
0.03375840078359871,-0.5255907273660869,-0.4918323265824882
0.5283959468150997,-1.7088483257817408,-1.180452378966641
1.288533392225196,-0.5178229142809823,0.7707104779442138
0.18536825127826295,-0.21895914323186494,-0.03359089195360199
2.9402751821793407,-1.9099795181360204,1.0302956640433203
1.5834350816877543,-0.5997711813556004,0.9836639003321539
1.6987671084923068,-1.3472111464031895,0.3515559620891173
2.164655005422268,-1.9019527191380905,0.2627022862841777
0.8084737446257975,-0.18543996686505393,0.6230337777607435
1.2262178092609628,-0.3196153097180743,0.9066024995428885
2.003699420144936,-1.1593557312234641,0.8443436889214717
2.2293507274595443,-1.0976467629428854,1.131703964516659
2.3345558195200873,-1.5270370055794937,0.8075188139405935
0.5643213684835361,-1.3961901845648226,-0.8318688160812865
2.0253842836696307,-0.7961175801599647,1.229266703509666
2.684051906859346,-1.447899633719748,1.236152273139598
2.937574357354792,-0.12149931125627167,2.81607504609852
0.3305904859270261,-1.8460019829819705,-1.5154114970549444
0.2876582523846509,-1.4837786457579862,-1.1961203933733353
2.91722391576828,-1.5099114771405069,1.4073124386277733
0.5180901490476107,-1.4349949724794302,-0.9169048234318194
2.5669506693033872,-1.2025360232438482,1.364414646059539
2.6639827820088215,-1.6591831708839577,1.0047996111248638
1.519226047383179,-0.16443484201969638,1.3547912053634825
2.879512146481732,-0.8092364142900745,2.0702757321916576
0.11094367861519783,-1.5606006600565676,-1.4496569814413698
0.43806331918768016,-1.2289050475565497,-0.7908417283688696
1.6844184846157404,-1.555882502546459,0.1285359820692813
0.7998227601119826,-1.4975359680475149,-0.6977132079355323
2.5593187709303518,-1.3336870439427149,1.225631726987637
1.6424254229893935,-1.1684479527151292,0.4739774702742643
1.2253216615337887,-1.416880205567347,-0.19155854403355832
2.874626618103545,-1.6533679646918362,1.2212586534117087
2.1813352745660595,-1.2995368587667482,0.8817984157993113
2.5425146094666724,-1.669253510073059,0.8732610993936134
2.419458891688981,-0.023533367160328167,2.3959255245286526
1.2775952128334753,-0.3269189615047714,0.9506762513287039
2.6153499233824378,-1.510305242385355,1.1050446809970829
0.8535725078414252,-0.19928035730869098,0.6542921505327343
0.8783742895462825,-1.4286047279037577,-0.5502304383574752
1.388574312401044,-1.800088893573761,-0.411514581172717
1.1426261380384988,-1.3020668771070736,-0.1594407390685748
0.041908906188214634,-1.405829083388817,-1.3639201772006024
2.1691796145504867,-0.34081549915517795,1.8283641153953087
1.8014610183930442,-0.49073059973631605,1.3107304186567281
0.904835133670337,-1.4910446277101077,-0.5862094940397707
1.999865502341002,-1.524112833451135,0.475752668889867
0.23239746655809146,-1.3840132576059918,-1.1516157910479004
2.1816226386912883,-1.4362449177674161,0.7453777209238721
1.27323434474263,-0.9319164459217562,0.3413178988208738
0.7070378405198147,-0.9125002344215893,-0.20546239390177468
1.9542948768336226,-1.821888571408212,0.13240630542541054
0.8870714426653282,-1.9254152254694124,-1.038343782804084
0.7998336451564527,-0.6971896914335369,0.10264395372291579
1.2579440549073209,-1.8315705883299003,-0.5736265334225794
0.6094496446994968,-0.43282301279837365,0.17662663190112315
2.8260868311550746,-0.2953923663504303,2.530694464804644
2.7394467336482826,-1.4622102456270527,1.27723648802123
0.14199378699703025,-0.6578759058644208,-0.5158821188673905
0.3097520543873148,-0.6075365108620099,-0.2977844564746951
0.8461280662904664,-0.08104649881093073,0.7650815674795357
2.8714377438604997,-1.4383074424391253,1.4331303014213743
2.5351853616492726,-1.4780446886548726,1.0571406729944
2.322965929475198,-1.2255594617917167,1.0974064676834814
2.2965494821974652,-0.6318905409777911,1.6646589412196742
0.7439239188311231,-1.7544335802794957,-1.0105096614483726
1.6156877655393282,-1.8695206755673976,-0.2538329100280694
1.4425575564044912,-0.8530472128548723,0.589510343549619
1.3889341985255728,-0.34648442625084064,1.0424497722747321
0.5251378282472301,-0.5836327033035564,-0.058494875056326334
2.654537388039738,-0.09822467383246436,2.556312714207274
1.792944721392184,-1.4667493191746426,0.3261954022175415
1.0998905817130993,-1.3094234420850042,-0.20953286037190488
1.5652184796394515,-1.8883356941511775,-0.32311721451172604
1.7898001777572587,-0.0832357897342959,1.7065643880229628
0.2758253077440067,-1.5709652936646634,-1.2951399859206567
1.5307524685513174,-0.02195207732062232,1.508800391230695
1.7604755866719881,-0.2077295118252418,1.5527460748467463
1.2407330528165836,-1.119162899297444,0.12157015351913958
1.540151740582322,-0.41153108780100567,1.1286206527813163
0.025868570960472237,-1.4087424647827465,-1.3828738938222742
1.5800535501465274,-1.7418235248002185,-0.16176997465369114
1.0486040801822631,-1.1064142585525794,-0.05781017837031621
0.8909861632091737,-0.024746698618426155,0.8662394645907475
2.9266362686925502,-0.9948942093250965,1.9317420593674537
1.1062615181062805,-0.6155597165672329,0.49070180153904763
1.7476105415342085,-1.15202859528635,0.5955819462478584
0.12689631510383081,-0.02582253060790629,0.10107378449592452
2.23790783408072,-0.5417198940696417,1.6961879400110782
2.0589224451722723,-0.8560858327214305,1.2028366124508418
2.6205795721265788,-0.016099536921993618,2.604480035204585
0.021658889576467888,-1.5153281785641928,-1.493669288987725
0.8592206924118766,-1.1641773848621222,-0.3049566924502456
1.7697118746475902,-0.8450362566325047,0.9246756180150855
1.471629760441495,-0.692783492688362,0.7788462677531329
0.9367091922895476,-0.3143917875439022,0.6223174047456455
2.0720027134586387,-0.41685450770837207,1.6551482057502667
0.02222104010429704,-0.46387344657403773,-0.4416524064697407
2.399615437147311,-1.952198372242065,0.447417064905246
1.2068539528676925,-0.6074657634677656,0.5993881893999269
1.7631098480639213,-0.8309639440170165,0.9321459040469049
2.76705944917276,-0.17004103756548994,2.5970184116072703
2.893849275625679,-1.9419787016749848,0.9518705739506943
2.3690160846391985,-1.7771700400035575,0.591846044635641
0.27370389786725746,-0.7450827526958139,-0.47137885482855646
2.5685613455116805,-1.8069585178941454,0.7616028276175351
2.4423945173551163,-1.7697592571264698,0.6726352602286465
1.460537456162017,-0.40666426490614427,1.0538731912558728
0.5233542490655004,-1.44023525162555,-0.9168810025600497
0.14808001900947354,-0.6688623321266387,-0.5207823131171652
1.842468216927194,-0.06269645351302056,1.7797717634141734
2.6346555772468667,-0.031865296622278994,2.6027902806245877
1.631867273516825,-1.0201581989142805,0.6117090746025444
2.1644151119148365,-0.3855737203228078,1.7788413915920287
2.906744629614175,-1.6187910723966785,1.2879535572174963
1.5424555602602072,-1.7049651909687573,-0.16250963070855007
1.4146484070357057,-1.9129181023244632,-0.49826969528875753
1.8627585942280298,-0.4247101420215149,1.438048452206515
1.2571717004655105,-1.8778192202296742,-0.6206475197641637
2.787250516690238,-1.4094684123536252,1.3777821043366127
1.0866640984159535,-0.7332948640220296,0.35336923439392387
2.3215476462595257,-1.2290394565635425,1.0925081896959832
1.4499279430123788,-1.780898585688842,-0.33097064267646314
2.3850582475338262,-0.7636981416704616,1.6213601058633647
0.7467009845617265,-0.2486544395837087,0.4980465449780178
1.5541987822328438,-0.5035460120821185,1.0506527701507253
2.9057684259854533,-0.9465772123740552,1.959191213611398
1.8881607594781893,-1.8242371849972931,0.06392357448089614
2.9786709920904957,-0.6643371659259363,2.3143338261645594
2.1788513625652373,-1.6610736078658697,0.5177777546993676
0.7704436598723495,-0.6054841481247015,0.164959511747648
1.0477422446338516,-1.211975350574,-0.1642331059401485
2.5656211664164723,-0.6666590569394577,1.8989621094770146
2.483758164619451,-0.41598178841671873,2.0677763762027324
1.751098601492918,-1.5374677176774039,0.2136308838155141
1.593069568577357,-0.10008942134988308,1.492980147227474
0.009150579060101194,-0.166860101240474,-0.15770952218037282
2.9677289040933195,-1.4791805674496712,1.4885483366436483
2.8308990000420704,-0.9028841216201418,1.9280148784219286
0.9257074551943149,-0.6085187355897712,0.31718871960454365
1.1242742285464502,-0.6688257971995644,0.45544843134688584
2.3882555257854223,-0.5931401644765855,1.7951153613088369
2.296271707044478,-1.2052077695273942,1.0910639375170839
2.513232961769165,-1.4011717442568459,1.1120612175123192
2.420424450649862,-0.38812111897347923,2.032303331676383
1.4915800861793058,-0.6874795721830054,0.8041005139963004
2.0832625758955983,-1.7723783702785687,0.31088420561702956
2.836902683699485,-1.3191902176283652,1.5177124660711196
1.9355223161188677,-1.3689742862075562,0.5665480299113115
0.4427612990214054,-1.9326700365296607,-1.4899087375082554
1.3813455214952195,-0.4934202458446675,0.887925275650552
1.6438043847419928,-1.4515908695405844,0.1922135152014084
2.0087992792391485,-0.46453717013676243,1.544262109102386
0.09122992512036499,-1.2694523607810762,-1.1782224356607112
2.941057798701486,-1.3451972112699238,1.5958605874315623
1.257410513906197,-0.11619325036119421,1.1412172635450029
1.8348021911254482,-1.4858840653211172,0.348918125804331
0.567313758468077,-1.9160731107869444,-1.3487593523188675
2.449735937211262,-0.4090378379729265,2.0406980992383357
0.801858136726717,-1.0238074507084292,-0.22194931398171214
0.9854111162987043,-1.0269095253200657,-0.04149840902136148
0.7043276633541478,-1.3414017554933126,-0.6370740921391649
1.4025876948000486,-1.2637187608115843,0.13886893398846434
0.2644677361062605,-1.811663373582301,-1.5471956374760403
0.002065218980342731,-0.16947689988408254,-0.1674116809037398
2.640532398544584,-1.8437437285271074,0.7967886700174764
2.9095649421897694,-0.6423458264198023,2.267219115769967
1.7270701616314077,-0.7905701868425383,0.9364999747888694
2.1996038666874074,-0.7604640751700045,1.439139791517403
1.3114647718023131,-1.1734541314746685,0.13801064032764465
0.6984355328944455,-1.2876624944109913,-0.5892269615165459
2.437000663414072,-0.8709001057554386,1.5661005576586333
0.6955647416277755,-0.557987677186196,0.13757706444157947
2.252868217820388,-1.1703611742434126,1.0825070435769752
0.7237400119613537,-1.427141471800336,-0.7034014598389822
1.6226538374902542,-1.3861431037318923,0.23651073375836185
2.5076305057740105,-0.01948752314114599,2.4881429826328647
0.45077359360095626,-1.1768683642894937,-0.7260947706885374
1.5747574299960951,-1.514969192433606,0.05978823756248919
0.8041395040936886,-0.14795979715602092,0.6561797069376677
2.125827314505055,-1.5601252621760264,0.5657020523290286
0.3694445019935205,-0.5459019740861133,-0.17645747209259277
2.8868330161362534,-0.07314061325914012,2.8136924028771135
2.468716276177847,-1.2520809225918657,1.2166353535859813
2.4233239561880895,-0.28297532365199496,2.1403486325360945
0.8417991514192102,-0.10494665063033515,0.7368525007888751
1.0742188921241524,-1.3156681074377943,-0.24144921531364183
1.1633855603422616,-0.38828665071154034,0.7750989096307213
2.2008844026055425,-1.601895978952747,0.5989884236527956
0.615867446424707,-1.934344772115454,-1.318477325690747
0.013751930819690283,-0.20731765683475478,-0.1935657260150645
1.7246623988834306,-0.8054579564186257,0.9192044424648049
1.0335269762075778,-0.3309436016173306,0.7025833745902472
2.290260126780523,-0.6092516584740018,1.6810084683065212
0.9343181787288406,-1.611384836154569,-0.6770666574257285
2.4497483051040523,-1.5366693482746083,0.913078956829444
0.9121736838060501,-0.9330537249783986,-0.02088004117234843
1.4106800697714008,-0.22400121636479686,1.186678853406604
0.5073643628914936,-0.5373369070478586,-0.029972544156365077
0.6825373024279966,-0.7891303723305227,-0.10659306990252615
1.4733697758480715,-0.36014403018106744,1.113225745667004
2.9928005680850025,-1.904105859071113,1.0886947090138894
1.241813517073202,-0.07598578967682923,1.1658277273963729
1.2471502660867921,-0.5160947011777819,0.7310555649090102
1.6073439823621258,-0.17016650804693545,1.4371774743151904
0.3386976904523372,-1.7338446953111586,-1.3951470048588215
0.7857519039626316,-1.289163858474323,-0.5034119545116914
1.5612529769782544,-1.8921729222626489,-0.3309199452843945
1.4334254323560374,-1.8718581940400851,-0.43843276168404777
2.240448763996492,-0.74840493759073,1.492043826405762
1.5308466279578403,-0.6097161384812573,0.921130489476583
2.970825676275374,-0.572839690866392,2.3979859854089822
0.7956735373584376,-0.33415848080024135,0.46151505655819625
1.4322042931580499,-0.6490473038972477,0.7831569892608021
2.479028192971423,-1.0702668996950868,1.408761293276336
0.02566283620658516,-0.9991677884960168,-0.9735049522894317
2.6570126242551027,-1.3217682593270716,1.335244364928031
0.40829737991796333,-0.9574543024661311,-0.5491569225481677
0.7351438262998052,-1.3770062850676434,-0.6418624587678382
0.5802692952247966,-1.3817327321769919,-0.8014634369521952
0.8963940806497489,-0.5404859852910626,0.3559080953586863
2.147251193465582,-1.218831367472196,0.928419825993386
2.182286712439122,-0.649125398645511,1.5331613137936109
1.7599740414575282,-0.1392135218207442,1.620760519636784
0.6942358617922852,-0.16390935806936158,0.5303265037229237
2.782503561057489,-0.8508604776139632,1.9316430834435259
0.04656183944048453,-0.5224568940969825,-0.47589505465649795
2.623680428915498,-1.362628182828804,1.261052246086694
0.18224092328796293,-0.8863510435480173,-0.7041101202600544
0.43380371602394374,-1.3489598969075522,-0.9151561808836085
0.32169120827602404,-0.6031533313033561,-0.2814621230273321
1.1298992953109723,-1.5798015417588755,-0.4499022464479032
2.2909370051816373,-1.7711233844738044,0.519813620707833
2.1243614880323145,-1.7809181778242236,0.34344331020809094
0.5237138420417451,-1.363049197637782,-0.839335355596037
2.34135098251927,-1.5877842114298448,0.7535667710894254
0.7901252311102627,-1.907933973232774,-1.1178087421225114
2.709263083084502,-0.0736067496925823,2.6356563333919194
0.06922907158550795,-0.10074780649455417,-0.03151873490904622
1.662158481826292,-1.5333901759997444,0.12876830582654764
0.8969825113765357,-1.2904679377201516,-0.39348542634361583
1.0941357674549173,-1.819643461219018,-0.7255076937641007
0.06064923596108651,-0.17934441438293525,-0.11869517842184873
1.1098622412194308,-0.9473613763098738,0.16250086490955695
0.9193153013301949,-1.0918921448665064,-0.17257684353631153
2.107014183881363,-1.1973391807338727,0.9096750031474903
2.262337942912849,-1.2167470726123395,1.0455908703005097
1.3805893962564282,-1.4051123336007962,-0.024522937344368057
1.2047841412916993,-0.7116742668067244,0.4931098744849749
2.3298779648655863,-0.4501271084575027,1.8797508564080836
1.3796677594026874,-1.018664482813824,0.36100327658886333
1.7085371798117464,-1.6192300952524252,0.08930708455932113
2.4828026494423048,-0.6112007686746774,1.8716018807676273
0.18277739900169132,-0.033236079947610575,0.14954131905408075
0.37900427663019887,-0.25607388690246413,0.12293038972773473
0.02142032965495211,-0.16111908342532177,-0.13969875377036967
2.5090342258713556,-0.8364207754006265,1.672613450470729
0.5897214786898913,-1.2826472274803709,-0.6929257487904795
0.24718250275960918,-0.9267163629414801,-0.6795338601818709
1.1147342234642221,-0.42425763403167593,0.6904765894325462
0.6822507159460656,-0.9925562490298383,-0.31030553308377273
1.5420446055382757,-0.556007609576977,0.9860369959612987
2.9005120185138256,-0.5360597274698011,2.3644522910440244
1.811717729409481,-0.7006518230674321,1.111065906342049
0.6312588153441491,-0.14692887740394478,0.4843299379402043
1.2509699823891403,-1.584295488851977,-0.33332550646283665
2.0973870994965713,-1.721448827726433,0.3759382717701383
0.015846865590287806,-1.9294433338063928,-1.913596468216105
0.16089476743445474,-1.7733546946042684,-1.6124599271698137
2.73952732761643,-0.9564361077176591,1.7830912198987707
0.8567929859354507,-0.25103066302737265,0.6057623229080781
1.251159650277391,-1.8084983050818317,-0.5573386548044408
1.9712045731209453,-1.2604160644421007,0.7107885086788446
2.4364820211282883,-0.2160568429425529,2.220425178185735
0.45416430104091543,-0.6525082576795005,-0.19834395663858506
1.8844320741504315,-1.6499768686878993,0.23445520546253218
0.8798020622195765,-0.35925512084739775,0.5205469413721787
1.7206520181942004,-0.31056888137419514,1.4100831368200053
1.6378684562844439,-0.903136227957877,0.7347322283265669
0.37940025405857136,-1.9768693149249352,-1.5974690608663638
2.7696998759138123,-0.7346339101691475,2.035065965744665
2.539129831124373,-1.3725916208777584,1.1665382102466144
2.3727096617881216,-0.6419562354969313,1.7307534262911903
2.805139118542816,-0.6316567741958554,2.1734823443469606
2.000229079929198,-1.4488051438110767,0.5514239361181212
1.2618063262364643,-1.326090715586448,-0.06428438934998382
1.4028790589058069,-1.784855915793098,-0.3819768568872912
0.3091133334811531,-0.48846255496444946,-0.17934922148329635
2.293242476970184,-0.1084280506767481,2.184814426293436
1.8287834911715108,-1.5557319623091783,0.2730515288623325
0.5381166634662878,-1.1535318873162033,-0.6154152238499154
2.2266714494721604,-0.17542111590160991,2.0512503335705503
0.06280621638017869,-0.09081315664702339,-0.028006940266844693
0.1293472770490507,-0.36981579723987346,-0.24046852019082277
0.5972390828926427,-1.8924826482888535,-1.2952435653962109
2.504964160290819,-1.1486611161091993,1.3563030441816197
1.210467225597553,-1.9500022015381633,-0.7395349759406102
0.2139693476775152,-0.26204181883608535,-0.04807247115857016
0.633998631274734,-0.32700348939148793,0.30699514188324606
0.005873782423934215,-1.6480268108094314,-1.642153028385497
0.5210866440295213,-0.13857820251892372,0.3825084415105976
2.2754035848188283,-1.5109692693218173,0.764434315497011
2.752689162584582,-1.6786323566668275,1.0740568059177544
1.0686167272584113,-0.1332346390672854,0.9353820881911259
1.0776202989941353,-1.067269776050701,0.010350522943434193
1.0805981281896015,-1.8253736261224374,-0.7447754979328358
2.163681240330149,-0.2628150631636874,1.9008661771664617
2.6767066495345717,-0.14746791481484856,2.529238734719723
0.6278847226320844,-0.47438129377996807,0.15350342885211632
2.5165594876568713,-0.8463148453172451,1.6702446423396262
1.5695749845663578,-1.8034205374660828,-0.23384555289972497
2.9036019082296924,-1.3615682009574794,1.542033707272213
0.9453642515472901,-0.9003650951306106,0.04499915641667951
0.9752642666732136,-0.7191817296571723,0.25608253701604133
2.4491736109808913,-0.15549368430872668,2.293679926672165
0.5788030390687585,-0.8912055778234307,-0.31240253875467217
2.2041027482036517,-1.5616196443434442,0.6424831038602075
2.8490713238025656,-1.3860825090785323,1.4629888147240333
1.084069673836944,-0.6768623416872832,0.40720733214966076
0.16633835791292162,-0.6215130230244306,-0.45517466511150895
1.2930289811581024,-0.6691083567383262,0.6239206244197761
2.6403761673224344,-1.0001809458432709,1.6401952214791635
1.273856305277271,-0.10593906628514693,1.167917238992124
1.8618989439261968,-1.550249101017936,0.3116498429082608
2.8883312411126765,-0.923161925877847,1.9651693152348295
1.2904761281533639,-1.5635768603173257,-0.2731007321639618
0.43052237325141274,-0.7216089890877608,-0.2910866158363481
0.4558609896790222,-0.7960140610149686,-0.3401530713359464
1.4316397284468538,-1.0165792035771497,0.41506052486970413
1.2396758291826497,-1.8882154071360568,-0.6485395779534071
1.7536733065986572,-0.0006543317146647798,1.7530189748839924
0.8937388189067742,-1.2794180133516466,-0.3856791944448724
1.2957339302354374,-0.6635019100978039,0.6322320201376335
2.835894969173665,-0.9960069665581548,1.8398880026155102
2.907251991054805,-0.3813306484229855,2.525921342631819
0.23998177026585765,-0.6560613997423681,-0.41607962947651045
1.4394656095847336,-0.2538315671841933,1.1856340424005403
0.6098487410857233,-0.18242668474479795,0.42742205634092534
1.575805972238161,-1.8129475675232656,-0.2371415952851046
0.4029073865086177,-1.3378876485744349,-0.9349802620658172
1.203068346345305,-1.2500436672971984,-0.046975320951893496
0.2861713315204848,-0.6719901128078307,-0.3858187812873459
0.07747893174957288,-0.2823039407500769,-0.20482500900050404
0.34174138520234576,-0.54654235360009,-0.2048009683977442
0.8917325201562946,-1.9055516596660271,-1.0138191395097325
2.585284263255617,-1.3143131393285215,1.2709711239270955
0.11767844984102671,-1.8846420428224677,-1.766963592981441
1.7038005585840357,-0.9587523729315244,0.7450481856525113
2.0156849038973195,-0.7964650824186161,1.2192198214787033
1.1007295988784296,-1.9866139266282223,-0.8858843277497928
1.9860877713840894,-1.2040063195324209,0.7820814518516686
0.03545650630117658,-0.40407636729229135,-0.36861986099111477
2.675615393356177,-1.6045060129408166,1.0711093804153604
0.17004510920404936,-0.4387983580946584,-0.26875324889060903
1.943429948531206,-1.0197472163426182,0.9236827321885879
2.2356320531407383,-1.0154172801737011,1.2202147729670372
2.7729711382166373,-0.9700244690359081,1.8029466691807292
1.7014762839990558,-1.8920423637115915,-0.1905660797125357
1.3732125381442595,-1.0952411148120804,0.27797142333217906
0.2689325845458479,-0.9653843606177028,-0.6964517760718549
0.2649292835600283,-0.3498615787346442,-0.08493229517461587
2.7224388217722892,-1.955692557471381,0.7667462643009082
1.8304332064244784,-0.6350551900528512,1.1953780163716272
0.5319247455099392,-1.0761656330915534,-0.5442408875816143
2.1600204154782463,-0.6246563894791548,1.5353640259990915
1.5948171173022843,-1.5354971974877054,0.05931991981457885
0.44008114548447996,-0.29438085985129936,0.1457002856331806
0.6077440679865922,-1.7477084240122434,-1.1399643560256512
1.6123946722855744,-1.6568374929910834,-0.04444282070550898
1.2461526610605063,-1.6010500429575254,-0.35489738189701914
2.107092331883367,-0.47675404147747735,1.6303382904058898
2.1699387925496656,-0.7504197666710775,1.4195190258785881
1.3070044109268233,-1.0782585950970907,0.22874581582973263
1.2494965290760407,-1.8939737057882522,-0.6444771767122115
0.5882217340321745,-0.474234219246505,0.11398751478566949
1.0078541182773653,-1.043981472604918,-0.03612735432755265
2.3280241190154234,-1.9532982746461878,0.3747258443692356
0.9785632910594655,-1.0667086895910096,-0.08814539853154413
2.127504762091581,-0.9065587304069203,1.2209460316846608
0.8596873826883255,-1.2575071679634966,-0.39781978527517114
2.664828407254218,-1.598153965512538,1.0666744417416798
1.9370262414005714,-1.5032369014273361,0.4337893399732353
0.41766584131067286,-0.10882343663679217,0.3088424046738807
2.973106355925115,-0.013028186506410577,2.9600781694187046
0.8424732965569787,-1.6558645296156709,-0.8133912330586922
2.644271789143559,-0.2909776664984851,2.353294122645074
2.677545345658725,-0.8106317727034313,1.8669135729552937
2.5587665174726575,-1.0205602323870606,1.5382062850855969
0.5330161302562956,-1.7332899681424083,-1.2002738378861126
1.527179686341396,-1.006049050247577,0.521130636093819
0.2898883832072293,-0.8301731941295838,-0.5402848109223545
1.8575833175275738,-1.8609881648613964,-0.003404847333822625
2.1359719377996536,-1.4744007159100236,0.6615712218896299
2.9895745837603185,-0.4247569415195014,2.564817642240817
1.8953795476382402,-1.04097552408065,0.8544040235575903
1.7905722282851648,-0.6212348903141067,1.169337337971058
1.8746047610556265,-0.10628419386710508,1.7683205671885214
2.513928018176747,-1.5607546972186555,0.9531733209580917
1.905303549396135,-0.6036539295102934,1.3016496198858416
1.365914949496862,-0.45921720178066927,0.9066977477161928
0.24643112610060414,-1.4635279683897615,-1.2170968422891573
1.4523998112148968,-0.5747856194256793,0.8776141917892175
1.9575578100587543,-0.0721343659595104,1.885423444099244
1.0210140255571458,-1.8221141077199436,-0.8011000821627978
0.7171508720403635,-0.9587447525043666,-0.2415938804640031
2.7605617974752565,-0.32036213136229064,2.440199666112966
1.1407874126081647,-0.8070746034028424,0.3337128092053223
0.03739120251515027,-1.63541881234238,-1.5980276098272297
0.5055851908592119,-1.5048063529817945,-0.9992211621225826
2.0359882615271307,-0.957926530325867,1.0780617312012637
0.5797093827115951,-0.469648996304735,0.11006038640686011
0.29222302393223254,-0.00736696980041085,0.2848560541318217
0.9940860822210088,-1.3706897936264628,-0.376603711405454
0.30302244660896216,-1.3365010180198873,-1.0334785714109251
1.9168845520985602,-1.4440528410676634,0.47283171103089683
1.462298190492961,-1.9995477327117674,-0.5372495422188064
1.9363971418898642,-1.7050669149546955,0.2313302269351687
0.9297241541767056,-0.7440567998439962,0.18566735433270942
1.8673406066504357,-0.5525170012324168,1.314823605418019
2.410137937084731,-1.639603146137212,0.7705347909475189
0.8261772279648637,-0.3817479279735665,0.4444292999912972
0.40594826465090716,-1.6924485989932094,-1.2865003343423023
1.4277233380342804,-1.7928870965567625,-0.36516375852248206
0.9702476505561339,-1.4455993863828818,-0.47535173582674783
0.9259902584451835,-1.3944918154466495,-0.468501557001466
0.12808853508478368,-1.8972100081338665,-1.7691214730490827
0.4240505855849448,-1.7867288054601933,-1.3626782198752485
1.2651128960296087,-1.0434687202020554,0.22164417582755336
1.21167521688922,-0.21994041567196576,0.9917348012172542
2.492029116131025,-1.829017760761778,0.6630113553692469
0.9022765885027391,-0.37563673486316174,0.5266398536395773
1.4454936833917187,-0.298815822151661,1.1466778612400577
1.0646925161526664,-0.7055933887544796,0.3590991273981867
0.06072648274525705,-0.8849612437735721,-0.824234761028315
0.07271777640950239,-0.3775213352957345,-0.3048035588862321
0.2718477335578434,-0.4894974396655043,-0.21764970610766088
2.0490418901399257,-0.8873629680039654,1.1616789221359602
0.847470864466575,-0.4062063025908571,0.44126456187571794
2.4272588185202415,-1.5489670286713328,0.8782917898489087
0.2439242321351326,-1.0979420378761613,-0.8540178057410287
0.3919800341276354,-0.3572769901793946,0.03470304394824075
2.136116181124126,-1.744195537086122,0.39192064403800386
0.7877146996905323,-1.1361465652741611,-0.3484318655836288
1.2471176579393992,-1.2096899638075314,0.03742769413186786
1.7081223107716403,-0.8011533924552294,0.9069689183164109
1.144418240496778,-0.016271550312128458,1.1281466901846495
0.20834956566168905,-1.5025118641537283,-1.2941622984920391
2.7646778399602496,-1.017686978877991,1.7469908610822587
2.4742540177989896,-1.8843274401637728,0.5899265776352167
0.5169145321001329,-0.19554253545370948,0.32137199664642346
0.49663826847835746,-1.8910556555799214,-1.394417387101564
0.8779154043773736,-1.252501938594265,-0.3745865342168915
1.4957992822356851,-1.662044285808209,-0.1662450035725238
0.06424802714725308,-0.3506138310573892,-0.2863658039101361
1.5933020075916853,-0.6819681802076167,0.9113338273840685
1.7717791494099782,-0.9216013490209303,0.8501778003890479
1.247980869621972,-1.5333308613044558,-0.28534999168248376
2.691246303218699,-1.3144131606907432,1.3768331425279559
2.3813226922257904,-0.18495194427295703,2.1963707479528334
1.5941334303810653,-1.3899319841021194,0.20420144627894588
2.0241585766989942,-0.17101812734435673,1.8531404493546375
2.6223205414561046,-0.887146342706594,1.7351741987495106
2.6319408016458996,-0.5710153334933661,2.0609254681525337
2.534985358782041,-0.8827705654387221,1.6522147933433187
2.2004137420199386,-0.19703345685487839,2.0033802851650604
1.4506374716497326,-0.5972602952787376,0.853377176370995
1.3622307512513518,-0.12220698877882596,1.2400237624725259
1.2818222935730526,-0.27700255628539394,1.0048197372876586
1.9488261032605338,-0.2150051208830741,1.7338209823774597
1.096966816684583,-0.7096199543321005,0.3873468623524825
0.5002559223363282,-0.09158896602863642,0.4086669563076918
0.6711274532500826,-0.6163810744620348,0.05474637878804778
1.692916805389059,-1.2194060521657528,0.47351075322330627
0.6457247866693652,-1.6231205611018655,-0.9773957744325004
2.2706666925918433,-0.7530873034274179,1.5175793891644254
0.775614466103449,-0.21748627388291508,0.5581281922205339
0.7664570776707167,-0.49301749507445924,0.27343958259625745
2.34399131349455,-0.4347501324141134,1.9092411810804364
2.9722976573183577,-0.9435823548312114,2.0287153024871465
2.408056545021162,-0.4026746718140326,2.0053818732071296
0.3082812264898609,-0.47221459763078344,-0.16393337114092255
2.951524439045338,-1.2368779295089625,1.7146465095363754
1.1488322229159975,-1.363001724108053,-0.21416950119205547
0.5299276625661054,-1.7018371782284338,-1.1719095156623285
0.4061713277371982,-1.7956756896562467,-1.3895043619190486
1.9695425720994444,-0.6302212942986003,1.339321277800844
1.0503062679222894,-0.0019440699582680132,1.0483621979640214
1.4911509808790666,-1.1104879250975477,0.38066305578151893
0.6153044445188505,-1.1358660029463628,-0.5205615584275123
0.3705520801386655,-1.97956761909291,-1.6090155389542444
0.11495652499145514,-0.12875409096428236,-0.01379756597282722
1.3524142702926951,-1.7712448944175714,-0.41883062412487626
1.6560422569916113,-0.4390542016990582,1.2169880552925532
0.6691900009159215,-1.2094668202743177,-0.5402768193583962
2.602465383162331,-1.6847852732758177,0.917680109886513
1.7793596960645917,-1.0576218015108825,0.7217378945537092
2.6225156974537214,-1.4130783761770953,1.209437321276626
0.36138429317830556,-0.7089619829472451,-0.34757768976893955
1.1172468439007712,-1.2078687062167828,-0.09062186231601155
2.3071195400430478,-1.7834910699971915,0.5236284700458562
0.08851069553543922,-1.3407256297437784,-1.252214934208339
1.6087082227900793,-1.9671115199487512,-0.3584032971586719
1.1329684814140784,-1.490772260610055,-0.3578037791959767
1.580870948401018,-1.6655928217835605,-0.08472187338254256
1.744236688967499,-1.2289723342352683,0.5152643547322306
0.9506533582246529,-0.0414625096691883,0.9091908485554646
1.7845423442915496,-0.4557560104903804,1.3287863338011692
2.276060033758204,-0.003817573336728053,2.272242460421476
1.9272829658946267,-0.7966184492451818,1.130664516649445
1.3569580246989337,-1.6919781030645777,-0.33502007836564407
1.5704892492337283,-1.9631568267095552,-0.3926675774758268
1.4748118161210266,-0.6425855010873271,0.8322263150336995
0.4800509151187792,-1.159465142859043,-0.6794142277402638
1.413460688594412,-1.7076628165786427,-0.2942021279842306
2.523582549934944,-1.7498060485314064,0.7737765014035376
0.9326386281251271,-1.81852187570071,-0.8858832475755829
1.4531545811000002,-1.6723087003848838,-0.2191541192848836
1.1744265150950335,-1.8858375450788447,-0.7114110299838112
1.75203824849121,-0.19648520805321024,1.5555530404379998
2.663093789980419,-1.7601000882284539,0.9029937017519649
2.455297858313872,-1.364629405206553,1.0906684531073187
0.8899777439015207,-1.0854116836872103,-0.19543393978568957
2.6294749269388387,-1.0538983702223128,1.5755765567165259
2.4870281815156474,-1.9252642124396624,0.561763969075985
2.3642007471092525,-0.285578727383885,2.0786220197253673
1.8589972496377858,-1.2813507187369833,0.5776465309008025
2.46526361051182,-0.2071697982670846,2.258093812244735
2.2673158959829545,-1.1480798218158497,1.1192360741671048
1.928745796320353,-0.7071944342760437,1.2215513620443093
0.073791031750293,-0.6549875612413814,-0.5811965294910884
0.25197451110934677,-0.6613210564914933,-0.40934654538214654
1.6177800376666118,-1.4984061211726853,0.11937391649392648
0.6036862604286485,-1.76030431951417,-1.1566180590855217
2.194017222505709,-0.7897289792996856,1.4042882432060235
1.9874054600766224,-1.1482755660850577,0.8391298939915648
1.15183705698044,-0.18661867207128457,0.9652183849091553
2.808566911990017,-0.009066395831768048,2.799500516158249
1.2356481437375288,-0.7955069210443693,0.4401412226931596
2.0857953657957453,-1.2681424695684593,0.817652896227286
2.5101167634217454,-1.1633071160458588,1.3468096473758866
1.5906559003594536,-1.799934514570643,-0.20927861421118932
1.3191094221280801,-0.9656236319757643,0.35348579015231585
2.515395157249995,-0.5393332795877739,1.9760618776622212
2.735179451350972,-1.2900487358136978,1.4451307155372743
1.9494458315036673,-1.5330307086055737,0.4164151228980937
0.6966670367309229,-1.160256530076614,-0.463589493345691
2.993330090134096,-1.9090172638289742,1.0843128263051218
1.5625695324454667,-0.18457401293715048,1.3779955195083162
1.167091060256256,-0.25378923497782013,0.913301825278436
0.5772471066823512,-1.7456190576689328,-1.1683719509865815
1.2618665457187594,-1.2885611471150509,-0.02669460139629143
1.248132740918237,-1.722402430952649,-0.4742696900344121
2.6422941797539483,-0.8546204953088488,1.7876736844450996
1.8362710243525462,-0.9063554528053934,0.9299155715471528
0.07063716348823534,-1.0078979629986766,-0.9372607995104413
0.8987334341433332,-1.8764147878340331,-0.9776813536907
0.5503161831273722,-1.071381263500963,-0.5210650803735908
0.8567018940234177,-0.09693310316316661,0.7597687908602511
1.8542731472102982,-0.159006160045561,1.6952669871647372
1.816496203814097,-0.15202968135290695,1.66446652246119
0.5835805930766194,-1.8759936611484467,-1.2924130680718273
2.0140727943087624,-1.1140895761523582,0.8999832181564043
1.9525634161274488,-0.07137982418282318,1.8811835919446256
2.2478387304091414,-1.8564737323559297,0.3913649980532117
1.4509584443346344,-0.867722106945638,0.5832363373889964
0.5508452521949349,-1.4586294328394602,-0.9077841806445254
2.022031497870067,-0.7673686536994575,1.2546628441706096
0.6289750952311884,-0.5910517078744628,0.037923387356725624
1.58538904474745,-0.5353665760609227,1.0500224686865272
0.1769155105041902,-0.5172373249561533,-0.3403218144519631
0.5514594508362228,-0.405827320417558,0.14563213041866485
1.2364322571031185,-1.3853643466051018,-0.14893208950198322
2.1321395326161268,-0.5656825672011021,1.5664569654150247
2.8922297909927437,-1.5200488723320074,1.3721809186607363
2.2578409619133826,-1.0159968005134181,1.2418441613999645
0.9070076051038221,-1.2359356263060173,-0.3289280212021952
1.2336271975016722,-0.5364858257674152,0.6971413717342569
1.150367998449687,-1.0522149574249622,0.09815304102472489
2.4125311972664827,-1.2808849070238972,1.1316462902425855
0.4993643349360658,-1.5417221107921593,-1.0423577758560936
1.271187439047333,-1.4064661046450864,-0.13527866559775337
2.0427369731872544,-1.3874360636755638,0.6553009095116906
0.6227058458560266,-1.8717873736114725,-1.249081527755446
2.2239613287243905,-1.6794028370215284,0.5445584917028621
1.760291096848246,-1.8696760168464455,-0.10938491999819955
1.64403424246755,-0.11450430429331049,1.5295299381742395
1.5401471762553745,-0.8129040702563037,0.7272431059990707
1.9830739638931936,-1.627763655420564,0.3553103084726297
1.9097475037695082,-0.3866278755459409,1.5231196282235673
0.16052649134862207,-1.6581303734996156,-1.4976038821509934
2.309631870510341,-1.5228355032336789,0.7867963672766622
0.2705997240922402,-1.3896189514934183,-1.119019227401178
1.5903106151152662,-0.946657222325427,0.6436533927898391
0.27478004811508516,-0.2040507921605894,0.07072925595449575
0.4313744904790352,-0.7806155947999711,-0.3492411043209359
1.838186980703294,-1.222302968749764,0.61588401195353
2.9119968125656137,-0.7340597024449615,2.177937110120652
0.9257105351180596,-1.0434116244341858,-0.11770108931612622
0.5356192992343306,-1.863651543710761,-1.3280322444764305
0.9038748877691053,-0.5004643264095625,0.4034105613595428
2.656977951218504,-0.3986081913688768,2.258369759849627
0.2418570057124415,-1.4783547139128488,-1.2364977082004072
2.1767103142393744,-1.4016330207841903,0.7750772934551842
1.7891130005758944,-0.24241926694491212,1.5466937336309823
1.9312133774120845,-1.2696076088618216,0.661605768550263
0.4157546051962515,-1.3559590290522328,-0.9402044238559812
1.942804636250727,-0.8073060709927964,1.1354985652579306
1.196135000945839,-1.020673756984259,0.17546124396157992
0.5516691219816986,-1.8944503835856568,-1.342781261603958
1.6505659144057625,-1.9331982035306943,-0.28263228912493177
1.151187274980978,-0.6713000182014197,0.47988725677955824
1.1934469593947206,-1.3039349619725926,-0.11048800257787206
2.11030733546753,-0.7544347892874208,1.355872546180109
2.5578908250967194,-1.8969687694143904,0.660922055682329
2.0933258925712033,-0.7899816962133679,1.3033441963578354
1.3689977898823487,-0.440791266225967,0.9282065236563817
2.8763612818603974,-0.17163010974339654,2.704731172117001
0.38352343478676454,-1.2353098569748824,-0.8517864221881178
1.3358572584253332,-0.03220157575431126,1.303655682671022
1.2549857557221418,-1.9754384522573145,-0.7204526965351727
0.18821018205961204,-0.19038046655007812,-0.002170284490466079
0.19818559646562328,-0.9589466252126106,-0.7607610287469874
1.5752612317893688,-0.24865856701910682,1.326602664770262
2.3423007184743074,-0.7521522703680783,1.5901484481062291
2.6291725436398403,-1.899519508538296,0.7296530351015442
2.965804403717851,-0.8923213197716517,2.0734830839461993
2.442520811702404,-0.7236649885673536,1.7188558231350504
0.09738127044534106,-0.9225930455113847,-0.8252117750660436
2.5337440339029857,-1.5502700327981953,0.9834740011047904
1.0925330336410717,-0.4709918507489317,0.62154118289214
2.6787719666509267,-1.5795450059506557,1.099226960700271
2.422410614073546,-0.46186822620936585,1.9605423878641801
1.7574787405390506,-1.202134578520964,0.5553441620180866
2.901890526723564,-1.769977628467276,1.1319128982562883
1.6910967539059318,-1.7799024995788155,-0.08880574567288368
0.31381584332648715,-0.12580007365475532,0.18801576967173184
0.11305900477537023,-1.397383296584662,-1.2843242918092916
2.36225860933985,-1.5999563161418804,0.7623022931979695
0.9354277224544443,-0.3746110347395646,0.5608166877148797
2.2352948557993306,-0.4939951545061365,1.7412997012931941
1.875658351909105,-1.8507037154217387,0.02495463648736629
0.40563194875161324,-1.364651707523732,-0.9590197587721189
2.282291402752168,-0.27156528265784563,2.010726120094322
1.2694191531871062,-1.8333749571841005,-0.5639558039969943
1.3541029371154116,-0.29144703764537505,1.0626558994700366
2.7731096913142275,-1.000681596117719,1.7724280951965086
0.9291126107285227,-1.3380356369895248,-0.4089230262610021
0.3386603715338774,-1.325796475305386,-0.9871361037715085
1.4498621349793082,-0.09789141419854475,1.3519707207807634
2.241360101020083,-0.2711490760874229,1.9702110249326603
0.08845514380117225,-1.912886088455639,-1.8244309446544666
1.0134005117768714,-1.6575905132222084,-0.644190001445337
1.0755612565898884,-0.2649049359518143,0.8106563206380741
0.013550899228077506,-0.14540291150142215,-0.13185201227334464
1.5571197029061534,-1.0345966135382476,0.5225230893679058
2.0911835976455415,-1.1924009207368202,0.8987826769087213
2.4813542065911296,-0.23873800538729384,2.2426162012038358
1.4380990520062489,-0.3714252718648201,1.0666737801414288
1.529605961487238,-0.3393183147470471,1.1902876467401908
0.19417651643612177,-0.7939193870149972,-0.5997428705788754
1.1499163130048955,-1.9290978457949397,-0.7791815327900442
1.2978704756085442,-0.36345691688693527,0.9344135587216089
0.7181626025255287,-1.0923090212707378,-0.37414641874520915
2.3693573271391744,-1.732214877905201,0.6371424492339735
2.023517932083245,-0.03529575951810893,1.988222172565136
0.7210170025574815,-1.434478912221728,-0.7134619096642466
1.8613420587734282,-1.133840473427289,0.7275015853461391
1.5508327185282618,-1.313917481688792,0.2369152368394698
1.881397125601914,-1.1226019523887807,0.7587951732131333
0.5906891124394937,-0.7069602533795769,-0.11627114094008317
1.1465723868233797,-1.9855685050771361,-0.8389961182537564
0.4732123966718732,-0.7517031255577538,-0.27849072888588056
1.7675111802783379,-0.9230561914877577,0.8444549887905801
0.7683556697442894,-1.0983557444046068,-0.33000007466031744
2.34909694794087,-1.7171368290735012,0.6319601188673689
0.24357789317740097,-0.029572996949069452,0.21400489622833152
1.015575809915739,-0.5990413789682354,0.41653443094750364
2.3292178801764156,-1.2026109031811199,1.1266069769952958
1.3904866867631418,-1.5022380292945507,-0.11175134253140895
1.902976967053421,-0.7981537798579705,1.1048231871954504
2.4316135983579166,-1.395772941806161,1.0358406565517555
2.4293530673976083,-1.736071731891484,0.6932813355061243
1.6831501716238186,-0.5222750711008124,1.1608751005230062
1.1171665402311353,-0.21558003358519762,0.9015865066459376
1.4991722004491321,-0.3642591287108108,1.1349130717383213
2.548127748419986,-1.842271106603901,0.705856641816085
2.3405574978501082,-1.4948585178111975,0.8456989800389108
1.1968198021506318,-1.4014024118904922,-0.20458260973986042
1.46324590923786,-1.3006873007026367,0.1625586085352233
0.18619181833178222,-0.4785394202932951,-0.2923476019615129
0.7524691661853768,-0.29120960442374044,0.4612595617616364
1.672598632233631,-1.4377576842366464,0.23484094799698463
1.6684315796441391,-0.6902467438311111,0.9781848358130281
1.5094645893383454,-0.7866397877223907,0.7228248016159546
0.9663852941690961,-0.9499622611140222,0.016423033055073977
2.9076853791095827,-1.5128369867946017,1.394848392314981
2.8740806667792045,-0.5271275705556824,2.346953096223522
2.0642767659739336,-0.08164685820169537,1.9826299077722382
0.7081543408797663,-1.4943077352407519,-0.7861533943609856
1.4405975427415667,-0.3050398690467173,1.1355576736948494
1.1702878437203341,-0.07243992579624714,1.097847917924087
2.915734546837543,-0.4113338987765125,2.50440064806103
0.1954921641300852,-0.2508112410251857,-0.055319076895100516
